maxRatio,minTrainLoss,minEvalLoss,modelIndex,slug,freqs,freqs_neurons,non_freqs
1444988.0871439234,1.7457033909157246e-7,0.0000017257025298491944,0,2023_07_20_20_26_57_329246,0 16 22 14,5 5 5 6,3
1436983.7611745463,1.9330054767093783e-7,0.0000011082997104559867,1,2023_07_20_20_26_57_708712,4 8 5,7 8 7,2
1338482.3440993424,1.7332853505228153e-7,8.591873385101893e-7,2,2023_07_20_20_26_57_747509,8 11 7,9 6 8,1
1610272.7816384432,1.7326008083534596e-7,0.0000025664270246263977,3,2023_07_20_20_26_57_772331,11 17 21 6,6 5 5 5,3
1498320.5813797163,1.844127535531992e-7,0.000004962798903879289,4,2023_07_20_20_26_58_436314,10 7 23 5,5 5 5 5,4
1499940.3463810305,1.9172485093759423e-7,0.0000022165626715761957,5,2023_07_20_20_27_05_081189,12 21 0,10 6 5,3
1558093.0837270096,2.1066415244775396e-7,0.000008825792251355776,6,2023_07_20_20_27_05_679756,3 6 32,6 5 6,7
1330720.2380912907,1.744481876123521e-7,0.000001943350209913253,7,2023_07_20_20_27_05_992950,24 22 19 14,5 5 6 5,3
1468202.8053840476,1.8513307693751187e-7,0.000004114880169220586,8,2023_07_20_20_27_06_005686,24 18 19,6 9 6,3
1438264.8445226715,1.688572408148318e-7,0.000002313070789760576,9,2023_07_20_20_27_06_460664,16 23 21 31,6 5 5 7,1
1417667.8758559725,2.0706261924097013e-7,0.00011816611088211894,10,2023_07_20_20_27_06_738565,5 32 1,5 5 5,9
1205884.0791056652,1.7958923756715309e-7,0.0000013691239437081071,11,2023_07_20_20_27_06_862516,5 4 13,7 6 11,0
1570977.59559606,1.772812358626051e-7,9.970563038019589e-7,12,2023_07_20_20_27_08_933849,19 23 28,10 9 5,0
1351310.0482671917,1.7474128694839216e-7,8.730606961772261e-7,13,2023_07_20_20_27_09_533361,13 7 12,8 8 7,1
1519216.686234148,2.45420913622805e-7,0.00009016856195155034,14,2023_07_20_20_27_09_578030,19 1 23 27,7 5 5 1,6
1474186.7667585388,1.9044367572468734e-7,8.233860670958125e-7,15,2023_07_20_20_27_09_750376,1 21 10,9 7 6,2
1476995.6104901296,1.729382041592231e-7,9.217280049847643e-7,16,2023_07_20_20_27_10_103077,30 3 23 1,6 5 6 5,2
1365779.9134882567,1.9491149192177222e-7,0.0000010210087413353997,17,2023_07_20_20_27_10_202313,4 2 26,9 7 8,0
1509992.6728024024,1.6735641678149976e-7,0.000001816690391885872,18,2023_07_20_20_27_10_423515,9 25 18 0,3 6 5 6,4
1345252.1559483183,1.8741830256972807e-7,0.0000027435641555210616,19,2023_07_20_20_27_12_011924,11 28 12 2,9 4 5 5,1
1401005.4390411952,1.6706761097238875e-7,0.0000014242950700799374,20,2023_07_20_20_27_12_417345,10 7 16 11,6 6 5 6,1
1473042.4852037427,1.8881832017382894e-7,0.000006491043781473185,21,2023_07_20_20_27_13_237420,0 5 12 27,8 6 5 5,0
1479645.2798759982,1.9758695194999143e-7,0.00001980386167162098,22,2023_07_20_20_27_14_348148,32 31 29 14,5 5 5 5,4
1503039.0870808,1.672606016373466e-7,0.0000019867528517310444,23,2023_07_20_20_27_14_398182,7 2 14 26,7 7 5 4,1
1319104.6973110056,1.8127503502947263e-7,0.0000010111507622930207,24,2023_07_20_20_27_14_913426,25 1 6,8 10 5,1
1495141.3657592672,1.7939940428808405e-7,0.000004052406405961614,25,2023_07_20_20_27_15_013160,32 28 27 7,5 5 5 5,4
1338623.2500659155,1.8921138843326677e-7,0.0000012221834852883197,26,2023_07_20_20_27_16_667660,28 25 4,8 9 7,0
1354953.0568240825,1.8279634505708854e-7,8.855413332136362e-7,27,2023_07_20_20_27_17_220460,9 11 28,10 7 7,0
1539462.2069197847,1.752169469667592e-7,0.000004230570044231688,28,2023_07_20_20_27_18_419638,20 14 12 15,6 5 6 6,1
1489597.2689342548,1.764228109462736e-7,0.000002262023422451406,29,2023_07_20_20_27_20_426258,29 27 30 23,5 6 5 5,3
1312194.9238282524,1.7521806418139406e-7,0.000001363341444145183,30,2023_07_20_20_27_20_613981,11 13 20,8 8 8,0
1564121.4120545608,2.0184190113855206e-7,0.0000013087692200013436,31,2023_07_20_20_27_20_618837,0 13 15,5 7 8,4
1591052.9626958868,1.664232788760921e-7,0.0000021273707574654483,32,2023_07_20_20_27_21_442434,3 5 31 16,5 5 4 5,5
1506152.5265751095,1.9712693296217202e-7,0.000019536291591026207,33,2023_07_20_20_27_21_620286,13 22 19 5,7 5 5 1,6
1531248.3082741054,2.0924559821484106e-7,0.0000017077567926322738,34,2023_07_20_20_27_21_664982,28 8 13,6 8 9,1
1517912.6896445346,1.758772018536329e-7,8.415809959770376e-7,35,2023_07_20_20_27_21_666082,12 30 6,7 9 7,1
1428979.9616703587,2.0059367243565502e-7,0.000041113035857561804,36,2023_07_20_20_27_22_204269,32 16 6 3,5 4 5 6,4
1525104.7377646675,1.755897008164295e-7,0.000014879209369408705,37,2023_07_20_20_27_22_958080,5 12 1 17,5 5 6 5,3
1394968.7920880376,1.79144841862549e-7,8.677526490657788e-7,38,2023_07_20_20_27_23_341105,30 0 19,7 7 8,2
1428595.7368483439,1.7902838604458514e-7,7.188776006696244e-7,39,2023_07_20_20_27_23_407051,29 5 13,8 9 7,0
1085308.8886476383,1.8674088858479092e-7,0.000011692531207397256,40,2023_07_20_20_27_23_415621,12 30 31 9,4 5 5 5,5
1449939.000875264,1.75923866995215e-7,0.000002052130167887879,41,2023_07_20_20_27_24_230220,7 1 25 4,5 7 5 7,0
1327452.6257426313,2.1529394685104313e-7,0.0006794499936455434,42,2023_07_20_20_27_25_179279,0 5 26 28,5 5 4 5,5
1383542.4803298018,2.1124866227717724e-7,0.0000012047326992004855,43,2023_07_20_20_27_26_655009,22 4 10,9 7 8,0
1378817.4580395606,1.6199981289106085e-7,8.42834968071322e-7,44,2023_07_20_20_27_26_727281,22 32 6 0,6 5 7 5,1
1535493.490071822,1.7138047815239076e-7,6.346967038941014e-7,45,2023_07_20_20_27_27_394658,6 3 22,7 9 8,0
1419441.4322314996,1.860761626583179e-7,0.0000012111888298244536,46,2023_07_20_20_27_27_527883,7 31 5 11,5 8 5 5,1
1526868.5601441339,1.8317313265540352e-7,0.0000013807589057882381,47,2023_07_20_20_27_28_178191,18 19 2,9 7 8,0
1482160.496999428,1.6798265633412342e-7,0.000002402877789489459,48,2023_07_20_20_27_28_456391,13 32 10 26,6 5 5 5,3
1513715.258751134,1.8631637796248103e-7,8.724110562967158e-7,49,2023_07_20_20_27_28_645502,24 13 14,9 8 7,0
1533253.6916137482,1.7805672392797014e-7,9.262216621757686e-7,50,2023_07_20_20_27_28_856169,27 23 24,9 7 7,1
1470610.8773708,1.693170152293291e-7,0.0000012631606369768898,51,2023_07_20_20_27_28_948102,29 3 23 11,7 6 5 4,2
1239928.1474368654,1.9088630776913179e-7,0.0000014420390917674793,52,2023_07_20_20_27_29_598631,9 27 32,8 9 7,0
1463440.5315401866,2.1955957525709833e-7,0.00000976064774806505,53,2023_07_20_20_27_30_209534,17 31 22,6 5 5,8
1300877.982773385,1.7780214648834697e-7,9.520600015128107e-7,54,2023_07_20_20_27_30_291474,20 12 10,8 7 6,3
1432405.1015661338,1.8382732467023444e-7,0.00000303728178016896,55,2023_07_20_20_27_30_512206,0 5 9 19,5 5 5 6,3
1180914.817261245,1.899479548880606e-7,0.0000011821010654922452,56,2023_07_20_20_27_31_026911,28 11 13,9 7 8,0
1509702.7490098283,1.6683575927122495e-7,7.085757843807644e-7,57,2023_07_20_20_27_32_195837,25 17 19,8 8 8,0
1483972.2913436443,1.8901424357789658e-7,0.0000044713795598624,58,2023_07_20_20_27_32_905798,21 10 3 9,8 2 6 7,1
1075663.5370052084,1.7618555343291608e-7,0.0000022924438386930282,59,2023_07_20_20_27_33_251452,1 30 27 17,6 5 6 4,3
1388016.0085404196,1.66323089141936e-7,0.00000113230022824471,60,2023_07_20_20_27_33_335679,2 28 1 9,6 6 6 5,1
1381659.334854586,1.725320574674416e-7,0.0000017731339993061565,61,2023_07_20_20_27_33_595885,30 27 6 29,6 7 5 5,1
1298299.986632292,1.706380373976655e-7,0.0000032745501845849644,62,2023_07_20_20_27_34_156819,6 9 31 8,5 6 1 6,6
1474485.8125142884,1.6414067048372263e-7,0.0000011041938243624672,63,2023_07_20_20_27_34_703262,27 4 0 17,5 6 6 6,1
1477799.8285916634,1.7508337291706548e-7,9.921794646570145e-7,64,2023_07_20_20_27_34_804381,30 20 23,7 9 8,0
1522500.0234605223,1.8088020680647536e-7,0.0000010773394183860978,65,2023_07_20_20_27_35_104844,0 19 30,7 8 7,2
1503479.8433691983,1.8479792581062562e-7,0.0000087176126423082,66,2023_07_20_20_27_35_113563,21 2 26,5 8 5,6
1515807.442547492,1.794047696542514e-7,0.000004857861862497351,67,2023_07_20_20_27_35_610037,2 21 13 3,5 5 5 6,3
1336965.3078153632,1.7611201159968791e-7,7.725757886875908e-7,68,2023_07_20_20_27_35_760396,1 6 25,8 8 6,2
1383055.6713337377,1.7397073727741326e-7,0.000001073842290939339,69,2023_07_20_20_27_35_776953,23 26 30,8 10 6,0
1531117.640583603,1.922200700768534e-7,0.000001390884660306505,70,2023_07_20_20_27_35_849440,17 11 15,10 6 7,1
1543135.8553785195,1.9699259745947336e-7,0.000003418010958873365,71,2023_07_20_20_27_35_943584,30 15 29,6 7 7,4
1475310.92372114,1.7929914613398163e-7,7.364549026733026e-7,72,2023_07_20_20_27_35_982755,26 1 9,7 9 7,1
1450325.420234342,1.7619068603050734e-7,0.000003482914898949485,73,2023_07_20_20_27_36_026882,19 1 16 22,7 6 6 5,0
1430011.2442549914,1.7274728770315497e-7,6.546634759184881e-7,74,2023_07_20_20_27_36_239876,24 25 22,8 8 8,0
1506221.5054168212,1.7295004121811486e-7,9.10822829467758e-7,75,2023_07_20_20_27_36_628517,7 21 4,7 7 7,3
1496005.7360550528,1.6819347757324827e-7,0.0000023292974814640482,76,2023_07_20_20_27_36_714709,8 18 16 2,7 6 5 5,1
1516409.8922309869,1.9338896180425037e-7,0.0000016811518704488853,77,2023_07_20_20_27_36_735932,8 7 5,7 8 8,1
1524151.139001877,1.7014361258428638e-7,7.809307614749322e-7,78,2023_07_20_20_27_37_019310,2 24 26,10 7 7,0
1462063.0764396728,1.738733645288467e-7,0.0000018398098154513755,79,2023_07_20_20_27_37_060953,6 23 0,9 8 7,0
1517497.5858870563,1.8491686329805646e-7,0.000001123593775359922,80,2023_07_20_20_27_37_154409,19 29 23,6 9 8,1
1500042.7245757463,2.0311096378952777e-7,0.0000017950664391669118,81,2023_07_20_20_27_37_199344,8 19 21,6 6 10,2
1490328.7150481257,1.785873211015367e-7,0.0000015928671186706874,82,2023_07_20_20_27_37_424333,6 29 15 17,5 5 6 7,1
1547289.3142329631,1.7947863322806424e-7,6.905758564002705e-7,83,2023_07_20_20_27_37_606278,28 20 25,7 6 9,2
1485620.3081479506,2.1021433511814784e-7,0.00007960656725804763,84,2023_07_20_20_27_38_074315,21 16 10 9,6 6 2 10,0
1511570.7492440117,1.7935060801317124e-7,0.0000020737842049848853,85,2023_07_20_20_27_38_107640,19 13 1 0,6 6 6 5,1
1380205.198344508,1.8257102348878487e-7,0.000002694986222794227,86,2023_07_20_20_27_38_322046,21 6 13 4,6 5 5 7,1
1417616.2438384488,1.8077798176274895e-7,0.0000016825707490058338,87,2023_07_20_20_27_38_373690,3 2 22,6 6 6,6
1496922.440170469,1.7405910164194886e-7,0.0000024133259294768675,88,2023_07_20_20_27_38_426244,24 28 27 7,5 6 7 5,1
1433381.4230092505,1.7904195750259608e-7,9.95761281727709e-7,89,2023_07_20_20_27_38_544441,11 20 6,9 9 5,1
1466047.6317862687,1.8127894721529803e-7,0.000001727040502890594,90,2023_07_20_20_27_38_863052,18 24 23 16,6 5 5 7,1
1428849.0737587737,1.8240124089419565e-7,0.00004056920183024766,91,2023_07_20_20_27_39_086793,2 26 5 18 3,5 3 5 5 5,1
1421127.0666654971,1.8485164441666784e-7,9.188991478520059e-7,92,2023_07_20_20_27_39_383126,25 7 29,6 10 8,0
1334987.9331368073,1.8223690846508406e-7,0.000001919127849775569,93,2023_07_20_20_27_39_703070,2 3 26 31,6 6 6 5,1
1559346.5163615437,2.224552899332942e-7,0.000014857788506363173,94,2023_07_20_20_27_40_400320,21 15 4,6 7 5,6
1175227.123414939,1.7700952364528988e-7,8.429318568368957e-7,95,2023_07_20_20_27_40_427924,13 8 25,9 6 9,0
1407386.8963713185,1.7903530868846872e-7,0.000002226411145776694,96,2023_07_20_20_27_41_197414,12 7 8 25,5 6 5 7,1
1276231.370541987,1.9097597176474484e-7,0.000013365519005797447,97,2023_07_20_20_27_41_917277,3 23 29 31,6 6 5 5,2
1476916.264517055,2.0921664233289272e-7,0.0024789801674088936,98,2023_07_20_20_27_42_189379,23 1 9 24,5 5 4 5,5
1534371.0255426965,1.991238900622168e-7,0.0000012039243825242293,99,2023_07_20_20_27_42_614555,27 25 22,7 6 7,4
1378438.5593188158,2.004269406656733e-7,0.000009580277602996634,100,2023_07_20_20_27_42_730335,15 25 23,7 7 8,2
1574389.9872312583,1.6052877723770572e-7,9.183190414275438e-7,101,2023_07_20_20_27_42_923607,21 8 23 18,6 7 4 5,2
1530136.9329414668,1.761918787145767e-7,0.00015529900270052754,102,2023_07_20_20_27_43_282795,29 31 20 14,5 5 5 4,5
1413866.6132788493,1.8207479454037937e-7,0.0000016414199927181948,103,2023_07_20_20_27_43_854108,26 9 4 25,6 5 3 5,5
1327557.5508831597,1.7892250561327774e-7,0.000001792510002921961,104,2023_07_20_20_27_44_077778,19 17 2 5,6 7 5 5,1
1384226.5756398735,1.7607186902132863e-7,0.00000474740434963413,105,2023_07_20_20_27_44_235415,2 3 23 10,6 5 5 5,3
1654643.8827655672,1.782216457250491e-7,7.607942009937344e-7,106,2023_07_20_20_27_44_368132,6 3 26,7 9 5,3
1409913.560730522,1.779254223373342e-7,8.388004043276853e-7,107,2023_07_20_20_27_44_490699,16 4 2,7 7 10,0
1409659.6496209088,1.764849538553611e-7,0.0000012797237909598235,108,2023_07_20_20_27_45_851005,25 4 32,7 8 8,1
1454439.0707165608,1.789689314341521e-7,0.0000013807795542942128,109,2023_07_20_20_27_46_389172,6 16 0,6 7 7,4
1507877.585608974,1.8073242168831477e-7,0.0000013875167858090449,110,2023_07_20_20_27_46_780677,24 18 6,5 9 7,3
1388717.1673290587,2.1167953047245453e-7,9.367637472960893e-7,111,2023_07_20_20_27_46_784783,7 32 3,9 9 6,0
1410435.827524882,1.8025068654532364e-7,0.0000011591257774733845,112,2023_07_20_20_27_47_131924,23 13 10,8 7 9,0
1315553.4945305868,1.724134853894354e-7,6.485763000097954e-7,113,2023_07_20_20_27_47_177376,30 18 21,8 9 7,0
1557315.3283331054,2.0271839660195943e-7,0.00023636947381192627,114,2023_07_20_20_27_47_623842,0 13 7 32,6 5 5 3,5
1554321.5352650573,1.835524097653211e-7,0.0000016396811401240704,115,2023_07_20_20_27_47_825334,13 27 22 11,5 3 5 7,4
1468540.5809983017,2.1752324329237633e-7,0.0000012376125600327394,116,2023_07_20_20_27_48_891965,14 6 25,6 11 6,1
1465661.2513441762,1.835889000541837e-7,0.000014536329533797859,117,2023_07_20_20_27_49_289527,24 30 18 6 26,5 3 5 5 5,1
1569522.315530773,1.6725911510409214e-7,0.0000017769851557308579,118,2023_07_20_20_27_50_785533,23 32 11 3,5 6 5 8,0
1514945.9160481999,1.688469068081652e-7,8.744234206112006e-7,119,2023_07_20_20_27_51_883889,21 6 9,8 10 6,0
1443498.646887357,1.6596065572157604e-7,0.0000015433390190424212,120,2023_07_20_20_27_51_974798,31 7 16 10,6 5 7 6,0
1539447.0450686445,1.9207482171987037e-7,0.0000023335366106372117,121,2023_07_20_20_27_52_253666,20 27 19,6 5 5,8
1499959.9114489148,1.7837252400430557e-7,6.747620396179107e-7,122,2023_07_20_20_27_52_437592,0 10 7,8 10 6,0
1454605.5207509873,1.6669922498302445e-7,0.000002788046630665,123,2023_07_20_20_27_52_557482,29 11 27 7,6 5 5 5,3
1431332.3640474062,1.8144601096881805e-7,9.289134793485367e-7,124,2023_07_20_20_27_53_585586,21 29 27,8 7 9,0
1625565.1008413837,1.8227929021943522e-7,8.14913998390468e-7,125,2023_07_20_20_27_53_674523,5 14 1,7 7 7,3
1509960.750201294,1.7745125805361745e-7,7.538485551170806e-7,126,2023_07_20_20_27_55_229706,29 18 26,9 7 8,0
1318055.7779480468,1.7590061263118413e-7,9.409085719612238e-7,127,2023_07_20_20_27_55_561883,32 26 23,9 7 6,2
1562702.6566790298,1.7113548843620513e-7,7.331200254251064e-7,128,2023_07_20_20_27_55_730118,9 26 5,6 8 7,3
1524608.614070979,1.7865046726206413e-7,0.000001113215096789211,129,2023_07_20_20_27_56_140069,22 30 17 6,5 6 5 8,0
1393388.3165739665,1.96354732367127e-7,0.0000022721285725381604,130,2023_07_20_20_27_56_383395,17 2 13,7 10 7,0
1442264.686262481,1.795117257129094e-7,6.999551946226459e-7,131,2023_07_20_20_27_57_302882,20 27 0,9 8 6,1
1467898.37141103,1.6213070877233312e-7,0.0000012076984839965739,132,2023_07_20_20_27_57_321122,14 17 5 7,5 6 5 8,0
1386084.1095753252,1.918779287043857e-7,0.000025441165799412166,133,2023_07_20_20_27_57_505324,8 14 22 25 4,5 5 5 2 5,2
1438034.6248432708,1.7144333379031297e-7,0.000001608667575589361,134,2023_07_20_20_27_58_371023,31 22 19 12,6 5 6 5,2
1452626.1794680515,1.8035416296352172e-7,0.0000011814992422042201,135,2023_07_20_20_27_58_579491,3 18 12,7 11 6,0
1477962.0419552443,1.7511771698432346e-7,0.0000010626399832200338,136,2023_07_20_20_27_58_852146,8 24 4,8 6 8,2
1495678.6598808917,1.78799290143861e-7,0.0000018557696398880376,137,2023_07_20_20_27_59_066804,16 7 5 19,5 6 4 7,2
1503589.3018126353,1.8044775327591416e-7,6.280716819308209e-7,138,2023_07_20_20_27_59_071793,21 14 8,9 6 7,2
1482874.4281088968,2.2224739281914244e-7,0.0011983496155675783,139,2023_07_20_20_27_59_524273,10 26 20,5 5 5,9
1495051.022106143,1.7692576249247312e-7,0.0000024530593935548,140,2023_07_20_20_28_00_812548,29 14 23 4,6 5 5 5,3
1592665.4246872347,1.8279073045740744e-7,0.0000012395215066518863,141,2023_07_20_20_28_01_862577,6 31 0,8 5 7,4
1422860.2689965162,1.71866180186639e-7,0.0000028532273455563474,142,2023_07_20_20_28_02_624108,6 2 7 22,5 7 6 6,0
1432021.5491370556,1.6953958845419003e-7,5.822725504174044e-7,143,2023_07_20_20_28_02_777255,30 21 20,9 6 7,2
1459204.2141983425,1.8149330971791504e-7,0.0000024786232523864545,144,2023_07_20_20_28_02_789695,4 14 16 32,6 7 5 6,0
1389734.9155061443,1.7524689418050438e-7,0.0000012551613378200258,145,2023_07_20_20_28_02_867292,5 21 19,8 7 9,0
1482369.5764749062,2.3184582120718136e-7,0.0010305372252689424,146,2023_07_20_20_28_03_006228,26 29 11 17,5 5 5 1,8
1159737.036627558,1.8207016617849643e-7,7.128047374734983e-7,147,2023_07_20_20_28_03_730232,29 16 7,8 6 8,2
1518879.1051992837,1.8656969653505252e-7,9.563660552082677e-7,148,2023_07_20_20_28_04_383678,28 18 8 30,5 6 7 6,0
1456062.1368830088,1.8367549526474783e-7,0.000001177141737230851,149,2023_07_20_20_28_05_980595,12 8 2,7 10 5,2
1474231.7326839727,1.6986535285059946e-7,8.907501068186195e-7,150,2023_07_20_20_28_06_068922,18 24 8,8 8 6,2
1537642.3687501804,1.6734557484846254e-7,0.0000014356075285458853,151,2023_07_20_20_28_06_788780,16 10 7 31,6 7 6 5,0
1297177.3218408087,1.6814128953211265e-7,0.000001304857585577906,152,2023_07_20_20_28_08_620521,8 12 32 26,5 6 8 4,1
1480240.1209392427,1.8915402340604028e-7,0.000006313053227573797,153,2023_07_20_20_28_08_964385,19 2 30 9,7 6 5 3,3
1493498.83430343,2.0600971380616916e-7,0.0000011998996665959393,154,2023_07_20_20_28_09_216868,21 27 7,6 5 9,4
1405248.1711044214,1.8078908922603876e-7,0.0000013580485453839386,155,2023_07_20_20_28_10_152476,4 18 12,7 9 6,2
1584508.7013468663,2.06017783798848e-7,0.0000020709130663873216,156,2023_07_20_20_28_10_592502,29 1 8,5 7 7,5
1423697.1094205615,1.9941649675021625e-7,0.00003196957234876195,157,2023_07_20_20_28_11_031292,12 2 0 28,5 5 5 5,4
1363343.7315935234,1.7252861465055677e-7,0.000001366471765990657,158,2023_07_20_20_28_11_299292,19 29 21 12,5 1 7 6,5
1515849.091858249,1.8916265087636343e-7,0.0000017638939668821303,159,2023_07_20_20_28_11_449335,22 16 0 32,5 6 5 5,3
1430819.5598651792,1.8042292181638505e-7,8.220411016886308e-7,160,2023_07_20_20_28_11_544684,18 15 22,10 5 8,1
1470611.6826119046,2.214061906691678e-7,0.00037971302402500296,161,2023_07_20_20_28_11_904008,21 13 3 1,5 5 4 4,6
1458641.2353785094,1.9429034086161903e-7,0.0000014705504937569989,162,2023_07_20_20_28_13_607942,25 27 22,6 10 6,2
1375803.396333343,1.814234141621566e-7,9.410593698459381e-7,163,2023_07_20_20_28_13_820275,26 7 8,8 8 8,0
989291.413289519,1.9897043106585662e-7,9.262342033155114e-7,164,2023_07_20_20_28_14_629437,21 22 8,4 9 9,2
1477269.6108009643,1.859093952711877e-7,0.0000016187737620834624,165,2023_07_20_20_28_15_006553,31 21 16,8 7 8,1
1573491.758484516,1.7018064929184785e-7,8.463809903640956e-7,166,2023_07_20_20_28_15_827127,28 6 9,7 8 9,0
1507732.65025896,1.8892454411285684e-7,7.935445877260877e-7,167,2023_07_20_20_28_17_327826,18 3 7,9 5 8,2
1306235.4116780702,1.7551014057223462e-7,0.000001357160816437745,168,2023_07_20_20_28_17_558506,23 21 12 26,6 7 5 6,0
1424540.270573637,1.7268707387404233e-7,7.634782241723435e-7,169,2023_07_20_20_28_17_605146,7 18 16,8 9 7,0
1395717.7362476087,2.0953486105858374e-7,0.0000021916890418693604,170,2023_07_20_20_28_17_680574,5 25 13,7 8 8,1
1407304.92429656,1.7392005963470478e-7,0.0000019350178268947948,171,2023_07_20_20_28_18_100652,22 31 10 27,5 7 6 6,0
1524919.9875032906,1.9538537042204924e-7,0.0000013432032581912684,172,2023_07_20_20_28_18_425085,24 28 22,7 8 5,4
1347568.1357331704,1.781459884036785e-7,8.213029339673795e-7,173,2023_07_20_20_28_18_442681,11 16 14,7 7 8,2
1430727.2675001898,1.8091877839010446e-7,0.0000014749779937977726,174,2023_07_20_20_28_20_310774,20 15 3,5 9 8,2
1498157.4760827604,1.709671952089668e-7,5.750703568227639e-7,175,2023_07_20_20_28_20_950109,30 10 12,7 8 9,0
1027539.3255646309,1.6835014972711358e-7,0.0000015606422889044368,176,2023_07_20_20_28_22_087821,29 27 9 25,7 6 5 6,0
1377568.3239002016,1.71500045167514e-7,0.0000016673800011518932,177,2023_07_20_20_28_22_646751,0 23 31 26,5 7 5 5,2
1456000.988342097,1.891255424440494e-7,0.0000026427824395683806,178,2023_07_20_20_28_22_877823,13 30 24 32,5 4 5 6,4
1464014.7636527608,1.960587189435289e-7,0.0000010451144564377277,179,2023_07_20_20_28_23_016241,9 5 31,10 7 7,0
1479676.621931989,1.7525844683510047e-7,0.0000017535361974627514,180,2023_07_20_20_28_24_109959,7 26 22 32,5 5 6 6,2
1562170.3722093806,1.89174602094773e-7,9.752549738984686e-7,181,2023_07_20_20_28_24_330832,8 15 31,10 5 9,0
1470444.275115943,1.8344167172106203e-7,6.097863657447629e-7,182,2023_07_20_20_28_24_621190,24 21 32,6 6 12,0
1448395.662320453,1.8348699995621298e-7,0.000001596371480226018,183,2023_07_20_20_28_25_304834,16 23 3,6 8 10,0
1495267.4804434169,1.7948813462165139e-7,0.0000038132346893834994,184,2023_07_20_20_28_25_365488,29 11 26 13,6 6 5 4,3
1479893.7045099135,1.7878982366276304e-7,0.0000017789360784212401,185,2023_07_20_20_28_25_556449,0 17 6,8 8 6,2
1448469.9423022498,1.864264639841819e-7,0.000004728095238840652,186,2023_07_20_20_28_26_050446,17 6 5 2,7 5 6 6,0
1511217.3834825621,1.86607926925336e-7,5.904570283210534e-7,187,2023_07_20_20_28_26_131891,32 10 26,7 6 8,3
1463437.162054818,1.7970421568852467e-7,0.000006051035667477264,188,2023_07_20_20_28_26_821004,21 1 6 11,5 6 5 3,5
1531087.479324632,1.9364706907167767e-7,8.478614080643286e-7,189,2023_07_20_20_28_28_295585,22 6 9,10 7 7,0
1471023.0108657067,1.7584349877500386e-7,0.0000011819597051804791,190,2023_07_20_20_28_29_659510,8 19 20,8 6 8,2
1350665.068828395,1.9396062499630224e-7,0.000004097795856830566,191,2023_07_20_20_28_29_684394,8 10 14,6 7 7,4
1328559.920570581,1.914471811468006e-7,0.000002697866637606738,192,2023_07_20_20_28_30_517811,31 30 14,9 8 6,1
1441464.6185896392,1.911969537543089e-7,6.844153486547274e-7,193,2023_07_20_20_28_30_662547,32 29 6,11 5 7,1
1314967.5001454207,1.577517321851762e-7,0.0000017829478007156044,194,2023_07_20_20_28_31_795576,27 1 20 5,6 5 6 6,1
1440648.7506648784,1.8354797165852452e-7,7.957133389147906e-7,195,2023_07_20_20_28_32_842539,4 5 20,6 9 9,0
1441109.0795527757,1.8333116740236083e-7,8.420721092782701e-7,196,2023_07_20_20_28_33_215829,20 9 13,9 9 6,0
1144469.8730696195,1.5603407268187706e-7,0.0000015189820945213744,197,2023_07_20_20_28_34_829044,25 23 5 26,7 5 5 7,0
1392762.2150180475,1.998648819276752e-7,0.0000010903635753628142,198,2023_07_20_20_28_37_190007,29 3 7,7 5 10,2
1506641.6386374724,1.7816802615923698e-7,0.0000037551873628551795,199,2023_07_20_20_28_38_210452,18 2 9 23,5 6 5 5,3
1440459.5562085884,1.7747794747940333e-7,0.000003882125775046864,200,2023_07_20_20_28_38_472941,0 4 22 25,5 8 7 2,2
1474761.4131391917,1.6150251003718494e-7,0.0000011878616388075378,201,2023_07_20_20_28_38_542216,3 12 14 9,5 5 6 7,1
1552768.1162745613,1.837178254694563e-7,8.470842527348403e-7,202,2023_07_20_20_28_38_785974,30 11 20,9 7 8,0
1476465.632222471,1.8671854968050423e-7,0.0000014067022452595286,203,2023_07_20_20_28_39_048620,12 1 17,11 7 6,0
1407590.7065047326,1.8876496218259704e-7,9.612331233316271e-7,204,2023_07_20_20_28_39_310810,14 20 3,9 6 6,3
1616996.1353797899,1.9323723936940496e-7,0.000001148264869363799,205,2023_07_20_20_28_40_041247,15 20 28,8 6 7,3
1335374.6208896642,2.1541377891218803e-7,0.000010736088159134139,206,2023_07_20_20_28_40_079657,13 27 8,6 8 6,4
1412060.1403000306,1.9896838024545947e-7,0.000003365158739982885,207,2023_07_20_20_28_40_882275,11 14 24,7 6 8,3
1544454.586636262,1.8167564811623612e-7,9.991347233686029e-7,208,2023_07_20_20_28_41_486987,19 24 8,6 9 7,2
1421444.020484674,2.0664915538645446e-7,0.000024910529195523062,209,2023_07_20_20_28_41_513338,8 12 32 28,6 4 8 2,4
1260831.2554089774,2.084719024111172e-7,0.000030104634092784473,210,2023_07_20_20_28_42_132799,25 28 21,7 5 5,7
1475303.1314861139,1.9048020066895354e-7,9.076011389443521e-7,211,2023_07_20_20_28_42_478774,14 20 7,5 9 10,0
1398942.812425016,1.7009274888712894e-7,0.0000018459757564392024,212,2023_07_20_20_28_42_771373,6 3 9 21,6 5 5 8,0
1513145.5558068226,1.6960376435254597e-7,0.000001257395305651389,213,2023_07_20_20_28_43_192357,5 8 0 28,8 6 5 5,0
1463519.8521156204,2.2166676733785963e-7,0.00001930395272703368,214,2023_07_20_20_28_43_977222,28 0 30,6 5 6,7
1453310.2300271713,1.7928848703096517e-7,0.0000013554189698984689,215,2023_07_20_20_28_44_146775,3 9 32,9 6 6,3
1319505.0257805265,1.9255643491169847e-7,9.439428101303583e-7,216,2023_07_20_20_28_45_207935,11 32 2,6 8 6,4
1567902.1108443758,2.0607045396658584e-7,0.0000014783520059256924,217,2023_07_20_20_28_45_373212,16 32 29,5 10 7,2
1461843.280511372,1.8112220238721803e-7,0.0000023367261006426827,218,2023_07_20_20_28_45_601315,22 7 0 31,6 5 6 7,0
1451958.1167927722,1.6823005727462506e-7,0.0000022744951833961353,219,2023_07_20_20_28_46_231380,29 5 26 10,5 6 5 5,3
1454568.4000960013,1.8882559977136194e-7,8.492496407332831e-7,220,2023_07_20_20_28_46_719286,0 6 30,8 8 8,0
1374168.0076125793,1.728993690433711e-7,8.218510911327395e-7,221,2023_07_20_20_28_47_280841,4 5 19,8 8 8,0
1502026.4525379601,1.8950564872589304e-7,7.59627089458696e-7,222,2023_07_20_20_28_47_633006,22 15 3,9 7 6,2
1327895.017758868,1.710683563222305e-7,0.000002517931740953253,223,2023_07_20_20_28_47_745613,10 16 6 1,6 7 6 5,0
1431465.1325067948,1.7217705981837292e-7,7.462360482582868e-7,224,2023_07_20_20_28_48_367730,32 5 23,9 9 6,0
1438101.4306616795,1.8845704467411398e-7,8.786241520624631e-7,225,2023_07_20_20_28_49_156493,4 9 6,6 8 10,0
1330220.5171604862,2.093062805245643e-7,0.0000013859310172275244,226,2023_07_20_20_28_49_212728,29 6 3,4 9 7,4
1410881.7560309917,1.7849612506164474e-7,6.412922823534512e-7,227,2023_07_20_20_28_50_013353,25 15 3,9 7 8,0
1561776.568775322,1.8573469346632278e-7,0.0000024475122529522114,228,2023_07_20_20_28_50_393643,13 8 28 6,5 7 6 5,1
1551415.7092622444,1.7219493396956202e-7,0.0000010547421128432803,229,2023_07_20_20_28_50_411675,24 11 15,7 6 8,3
1456273.2429343688,1.811119497045176e-7,0.00003248309474295932,230,2023_07_20_20_28_50_638304,28 22 11 30 27,5 3 5 5 5,1
1533791.3066301912,2.0474887162907163e-7,0.0000010504253317345385,231,2023_07_20_20_28_51_111729,5 19 28,6 10 8,0
1336437.859002768,1.702926685787916e-7,0.0000020795324509017525,232,2023_07_20_20_28_51_185704,10 16 15 19,6 5 8 5,0
1408758.5222015725,1.800303593986303e-7,0.000002093790618750581,233,2023_07_20_20_28_51_387608,4 32 5 13,6 4 6 5,3
1372810.600823357,1.9186415672482784e-7,8.013564351986582e-7,234,2023_07_20_20_28_51_395570,10 2 6,8 9 5,2
1507063.0447482867,1.738357127424379e-7,5.951780308660498e-7,235,2023_07_20_20_28_51_512037,6 8 18,8 8 8,0
1458585.4379544584,1.7217779942182024e-7,8.617156907324225e-7,236,2023_07_20_20_28_51_669691,4 7 11,8 7 9,0
1461842.3031720938,2.042816702098873e-7,0.00005831159943965454,237,2023_07_20_20_28_51_696983,20 1 27,6 7 5,6
1443595.912702429,1.8118730270282043e-7,0.000003217066864311513,238,2023_07_20_20_28_51_988999,0 16 22 25,5 8 6 5,0
1394607.0309780925,1.805125639877787e-7,0.0000019989194947146237,239,2023_07_20_20_28_52_494045,14 22 11,11 5 7,1
1450404.0135094335,1.853753923825056e-7,0.000005366295920954712,240,2023_07_20_20_28_52_602019,6 19 32 3,5 6 6 5,2
1462831.2118384973,1.7710514699202865e-7,0.000001119246856294704,241,2023_07_20_20_28_52_666728,10 1 18,9 7 8,0
1496736.5679981376,1.7847057096635174e-7,7.47230136200552e-7,242,2023_07_20_20_28_53_059665,21 17 24,8 8 8,0
1574275.1066174211,1.8944866677563153e-7,0.0000021714558629597477,243,2023_07_20_20_28_53_373995,15 30 22,11 5 8,0
1469951.2911983526,2.0436239512278517e-7,8.309968373552301e-7,244,2023_07_20_20_28_53_405788,17 8 22,6 5 9,4
1410171.2428982174,1.7716319852839703e-7,6.228736157035372e-7,245,2023_07_20_20_28_54_291856,5 3 23,9 6 9,0
1462956.005942935,1.8455448227974608e-7,0.0000042507540042275,246,2023_07_20_20_28_54_614286,11 21 26 1,5 5 5 6,3
1460758.1291618308,2.1304167986611092e-7,0.0013419999786660687,247,2023_07_20_20_28_55_518687,17 12 8 3 27,5 5 2 4 5,3
1481792.2512201236,1.8848589923226548e-7,0.0000010471401497423316,248,2023_07_20_20_28_56_759287,14 13 10,6 7 6,5
1448818.6971996534,1.6699736264743952e-7,0.0000016388639689422145,249,2023_07_20_20_28_56_941977,15 28 3 13,7 5 5 6,1
1362914.531718371,1.84980491307036e-7,0.000002386670405722786,250,2023_07_20_20_28_57_065594,8 3 14,5 7 6,6
1612675.219172316,1.7772933245351717e-7,9.270738076023182e-7,251,2023_07_20_20_28_57_157117,11 7 25,7 6 8,3
1461088.0553808885,1.7766695813361524e-7,0.0000010387144905549944,252,2023_07_20_20_28_57_548926,0 5 18,8 6 8,2
1495804.4680242105,1.8637123977173592e-7,0.0000025584392249384637,253,2023_07_20_20_28_58_858553,19 1 27,7 6 6,5
1491015.4842223546,1.7488139474954376e-7,0.0000014446433522785993,254,2023_07_20_20_28_59_421872,1 26 5 15,5 6 7 5,1
1460829.5305115925,1.655340999655216e-7,0.0000010894464084795105,255,2023_07_20_20_28_59_866482,14 28 30 32,6 6 6 5,1
1477987.3480341563,1.7852496883041015e-7,0.0000025448752946882896,256,2023_07_20_20_29_00_362907,8 25 7 12,6 7 6 5,0
1459097.833369205,1.9674280457420706e-7,0.000001587906493938895,257,2023_07_20_20_29_00_467845,0 22 28,8 7 8,1
1334737.220177021,1.858074318287016e-7,8.086715097322453e-7,258,2023_07_20_20_29_01_684438,18 20 21,10 7 7,0
1371852.5276797588,2.0525024232238028e-7,0.000008710868575191984,259,2023_07_20_20_29_02_468601,13 1 31,9 7 6,2
1471396.7457394013,2.3036410656472983e-7,0.001268760856912358,260,2023_07_20_20_29_02_769138,24 14 11,6 3 6,9
1384528.5893781495,2.248115387643951e-7,0.0000013123286164906603,261,2023_07_20_20_29_03_913657,23 11 16,5 6 12,1
1421471.5059665418,2.1893599358193416e-7,0.0000012709657846089747,262,2023_07_20_20_29_04_048897,19 1 0,12 7 5,0
1296509.3586054,1.7866733386787285e-7,0.000002972691409728022,263,2023_07_20_20_29_04_828124,8 31 29 23,6 6 6 5,1
1418234.45624616,1.6870326787031202e-7,8.500624171799821e-7,264,2023_07_20_20_29_04_923393,3 2 22,8 8 8,0
1534225.9372148234,2.10398013627433e-7,0.0002923028216780699,265,2023_07_20_20_29_05_178418,11 32 16 13,6 5 3 5,5
1446218.6518039259,1.7569940478757047e-7,0.0000017136999110377478,266,2023_07_20_20_29_05_221160,32 2 12 28,6 5 5 5,3
1524067.6601179263,2.1441586559505824e-7,0.000003334209628253927,267,2023_07_20_20_29_06_005297,7 28 32,7 7 10,0
1459455.959759413,1.828198690475753e-7,6.692628891644086e-7,268,2023_07_20_20_29_07_988431,21 32 12,7 7 10,0
1520724.2273010314,1.990777348702477e-7,0.00000331452271606641,269,2023_07_20_20_29_08_012434,25 3 15,6 5 6,7
1448896.670400425,1.9124520201634631e-7,8.743674276658701e-7,270,2023_07_20_20_29_08_473904,25 9 27,9 7 8,0
1503274.5079480305,1.996024096010387e-7,0.000004131611412973541,271,2023_07_20_20_29_08_494051,12 18 29,8 10 5,1
1497968.134464835,1.9942604344366125e-7,0.0000018707921941435587,272,2023_07_20_20_29_08_634123,2 4 32,7 8 7,2
1335491.7392688894,1.712923855801359e-7,0.000002646248214844917,273,2023_07_20_20_29_09_335465,2 16 21 20,6 8 5 5,0
1522649.1463054153,1.730530164707618e-7,0.0000026540158322391794,274,2023_07_20_20_29_11_099260,6 2 7 24,5 6 5 5,3
1416082.2556444765,1.8624859162341245e-7,0.0000034052110967726677,275,2023_07_20_20_29_11_117318,23 17 19,9 5 8,2
1464860.6359619203,1.6845074204280965e-7,7.807716393443422e-7,276,2023_07_20_20_29_11_191630,13 10 1,5 11 8,0
1400964.5963402025,1.9497562242134885e-7,0.00006132413388529761,277,2023_07_20_20_29_11_396907,32 4 8 19 15,5 5 4 1 5,4
1411548.0392254842,1.5841895461043018e-7,0.0000011611250503847586,278,2023_07_20_20_29_11_510160,8 26 16 11,5 6 5 7,1
1423653.1822580684,1.7646731317279743e-7,9.605530248222969e-7,279,2023_07_20_20_29_11_638995,8 27 11,8 7 6,3
1433511.7660317696,1.8186532279937395e-7,0.0000013822307163929357,280,2023_07_20_20_29_12_051476,4 22 24 21,7 5 5 3,4
1489063.9181573817,1.7932980806024598e-7,0.0000011648504572898335,281,2023_07_20_20_29_12_230955,9 32 25,8 7 7,2
1465976.138860453,2.015341451517512e-7,0.0000020495086077940345,282,2023_07_20_20_29_12_534395,20 3 6,5 11 6,2
1372963.851910538,2.1173768344028254e-7,0.0000011168468549645147,283,2023_07_20_20_29_12_558578,3 31 2,8 6 8,2
1480421.942064452,1.7932746763372409e-7,9.423114348494472e-7,284,2023_07_20_20_29_12_682236,11 13 29,10 7 6,1
1489995.6527481782,1.8293174201310503e-7,0.0000015470394388090362,285,2023_07_20_20_29_12_742764,27 32 8,12 5 6,1
1543885.75519598,1.8072402963160078e-7,0.0000028542853185736508,286,2023_07_20_20_29_12_990644,6 30 3,5 6 6,7
1506673.1408971543,2.1334362407417255e-7,0.000003968718360169722,287,2023_07_20_20_29_13_180724,1 8 30,7 6 8,3
1445601.7988409817,2.4109961284055625e-7,0.0001166281658722407,288,2023_07_20_20_29_15_004638,10 31 24,5 5 5,9
1580780.9271029711,2.0720771353200777e-7,0.0000017296953769680224,289,2023_07_20_20_29_15_477531,6 1 10,7 5 5,7
1434511.4202563316,1.9861954426257047e-7,0.000002027001231431836,290,2023_07_20_20_29_16_200359,20 0 12,8 9 6,1
1420150.3710337086,1.769127575051657e-7,8.227562697240522e-7,291,2023_07_20_20_29_16_901486,22 23 27,12 6 6,0
1359746.5282113145,1.9770200420124417e-7,0.0000014370395603180339,292,2023_07_20_20_29_18_815588,24 15 23,5 8 11,0
1488557.4902704516,1.8164396047182604e-7,8.117859143084529e-7,293,2023_07_20_20_29_18_948226,18 8 15,5 10 6,3
1290622.5629205531,1.7516392382669095e-7,9.269576057227048e-7,294,2023_07_20_20_29_18_984087,9 15 32,9 9 6,0
1358809.1241848597,1.6674367232562223e-7,6.443060287472287e-7,295,2023_07_20_20_29_20_426676,14 12 20,8 6 9,1
1504747.8647827,1.73632037884794e-7,0.000006264500856138461,296,2023_07_20_20_29_21_238401,30 31 28 13,7 5 5 5,2
1482684.4720787832,1.8635126445152187e-7,0.000002482678763205093,297,2023_07_20_20_29_21_349004,23 27 13 26,5 5 5 6,3
1540845.244308058,1.83830792119572e-7,0.000002404907249746055,298,2023_07_20_20_29_21_471442,26 20 29,6 9 7,2
1438837.87690832,1.8293402156412708e-7,7.452994283928036e-7,299,2023_07_20_20_29_21_632088,27 6 25 13,8 5 6 5,0
1363700.8453224252,1.8082272611055243e-7,0.000001944074682086989,300,2023_07_20_20_29_21_891188,32 19 1 18,4 7 6 6,1
1457130.2599476222,1.7893543151795105e-7,0.0000017106897245183088,301,2023_07_20_20_29_22_565513,3 4 29,9 8 6,1
1471762.0137739214,1.9885108120874827e-7,0.0007304028084639812,302,2023_07_20_20_29_22_766103,1 31 26 0 16,6 4 5 4 5,0
1407506.7563061237,1.6670028128234688e-7,0.0000017153816052469715,303,2023_07_20_20_29_23_486478,25 2 1 14,5 7 7 5,0
1287697.963637822,1.8212442502088032e-7,0.0000011785515819817722,304,2023_07_20_20_29_24_020169,23 19 16,10 8 6,0
1420926.2693854754,1.695436777796336e-7,0.000002158173188026365,305,2023_07_20_20_29_25_229978,30 1 27 13,6 8 5 5,0
1456734.4406697447,1.7451684464390107e-7,0.0000010978557559279208,306,2023_07_20_20_29_26_280339,22 12 23,9 7 7,1
1573485.1414734465,1.7928787826227922e-7,0.000002174338921100563,307,2023_07_20_20_29_26_299144,3 18 5 21,6 5 6 5,2
1464725.167063849,1.8484118018991167e-7,6.741816688877949e-7,308,2023_07_20_20_29_26_642174,29 24 7,10 7 7,0
1581380.1011114388,1.7629865980128977e-7,0.0000026574031049355674,309,2023_07_20_20_29_26_755479,17 15 16 26,5 5 6 6,2
1387879.1197913846,1.7185820935551349e-7,7.028337074575443e-7,310,2023_07_20_20_29_28_102347,0 12 31,10 8 6,0
1471820.5390779076,2.006811399146253e-7,0.0000015257012749534152,311,2023_07_20_20_29_28_761521,30 13 23,7 11 6,0
1430643.2555912193,1.9451617728283857e-7,0.000003416187145738667,312,2023_07_20_20_29_30_230160,2 19 5 6,8 6 5 5,0
1361909.1301242802,1.7574377959666018e-7,9.246519472959679e-7,313,2023_07_20_20_29_30_533204,22 0 4,8 7 8,1
1492930.6039979337,1.8605138983865355e-7,9.914071408031694e-7,314,2023_07_20_20_29_31_000450,32 1 9,9 10 5,0
1428857.4812791876,1.6774396047086488e-7,0.000004104598882719941,315,2023_07_20_20_29_33_457970,1 17 6 18,7 6 5 6,0
1453038.289544853,1.8878930646199134e-7,0.0000011632875708940885,316,2023_07_20_20_29_34_936277,24 28 19,8 7 7,2
1467833.6031366498,1.774007888119318e-7,5.621512042191431e-7,317,2023_07_20_20_29_36_250635,27 21 25,5 9 7,3
1428968.7643034912,1.7508627121407785e-7,0.000003360920191982585,318,2023_07_20_20_29_36_677204,19 1 30 2,9 5 5 5,0
1482359.4390789515,1.7131741699125484e-7,8.582217569692127e-7,319,2023_07_20_20_29_37_036756,18 13 31,9 8 7,0
1346669.297653354,1.8197456657209458e-7,9.016356202533032e-7,320,2023_07_20_20_29_37_343896,0 26 3,8 6 7,3
1503366.203223557,2.1338569193933883e-7,0.0000013229768873791825,321,2023_07_20_20_29_37_574113,32 17 7,7 7 4,6
1357907.2577741488,1.7212043010173557e-7,8.219135737351674e-7,322,2023_07_20_20_29_37_865696,11 29 21,11 6 7,0
1518574.587724314,1.89477049070933e-7,0.000002671125181987148,323,2023_07_20_20_29_39_030202,24 21 11,6 5 7,6
1404881.7079578969,1.696227475204198e-7,0.0000056302148300619974,324,2023_07_20_20_29_39_038837,9 7 13 12,5 5 5 5,4
1477098.9413055743,1.7615280879732312e-7,0.0000043611941346058166,325,2023_07_20_20_29_39_318289,20 14 11 31,6 5 5 5,3
1499224.0477557867,1.6672206500162972e-7,0.000002884039009842584,326,2023_07_20_20_29_39_479786,21 11 29 30,7 6 5 5,1
1434491.8957894978,1.7432384217261084e-7,0.0000024744796472202067,327,2023_07_20_20_29_39_597886,12 11 2 6,7 5 4 5,3
1486209.6967552647,1.7846508792628035e-7,0.0000011669842959421474,328,2023_07_20_20_29_39_773666,32 17 21,6 7 6,5
1467070.549218997,2.146629930092609e-7,0.000020915638161031698,329,2023_07_20_20_29_39_777810,26 13 3,5 6 5,8
1509891.136454739,1.8692863995093152e-7,0.0000011494149116227138,330,2023_07_20_20_29_40_115220,0 19 12,9 6 6,3
1367518.4195117187,1.8089934590487518e-7,0.0000015737158136455917,331,2023_07_20_20_29_40_446646,14 7 27 10,6 6 6 6,0
1548483.2864467006,2.1623885328151357e-7,0.0000015609277678682969,332,2023_07_20_20_29_42_612977,9 2 15,9 4 6,5
1401941.776338023,1.7761676269702535e-7,9.055376320124471e-7,333,2023_07_20_20_29_47_962635,3 16 30,8 9 7,0
1406992.9629388293,1.7425159297696695e-7,0.0000010892328004443978,334,2023_07_20_20_29_49_546674,19 5 10,8 9 7,0
1445067.1634993267,2.0747064295208885e-7,0.0000027612504169279325,335,2023_07_20_20_29_51_091089,15 14 24,5 7 5,7
1460641.569738928,1.7918703057059157e-7,0.0000012701830153043208,336,2023_07_20_20_29_51_605174,30 21 1,9 8 6,1
1335538.6566643545,1.6843383914960903e-7,0.0000019560375164635266,337,2023_07_20_20_29_51_806399,10 9 28 14,6 5 5 6,2
1395463.2580664651,1.7517826513879846e-7,7.974544085108007e-7,338,2023_07_20_20_29_52_596844,16 10 17,9 8 7,0
1337375.1351411492,1.7261623659383992e-7,0.000002743144203826701,339,2023_07_20_20_29_55_260107,21 0 5 25,6 5 7 6,0
1410420.6679487356,1.7273419105056217e-7,0.0000010844138716036782,340,2023_07_20_20_29_58_227557,20 4 2,6 9 9,0
1420473.0886625592,1.9709775967535364e-7,0.0000017123675474208837,341,2023_07_20_20_29_58_602547,22 9 27,7 9 7,1
1413027.519858161,1.7678427686491352e-7,5.261798062389714e-7,342,2023_07_20_20_30_02_213461,28 26 9,8 10 6,0
1364935.4533409504,1.7187537689038516e-7,7.200651531859908e-7,343,2023_07_20_20_30_02_522837,17 27 15,8 6 9,1
1493850.633229887,1.9413727581872172e-7,0.000001723563539860258,344,2023_07_20_20_30_03_100282,0 20 31,7 9 7,1
1557659.2284891584,1.72992456555223e-7,6.405923396562041e-7,345,2023_07_20_20_30_03_591027,23 1 28,7 11 6,0
1444681.996627933,1.837885585482486e-7,0.0000013253839077716756,346,2023_07_20_20_30_04_993664,20 19 3,6 8 10,0
1472011.5485820638,1.733667426439282e-7,6.926938456771566e-7,347,2023_07_20_20_30_05_116661,13 32 1,8 8 8,0
1386987.2556125235,1.6599471862499883e-7,0.0000051877753155867,348,2023_07_20_20_30_07_823704,27 11 1 30,8 5 5 5,1
1418572.31094348,1.8676775570300265e-7,0.000006793754485743596,349,2023_07_20_20_30_12_111942,27 14 3 9,5 5 5 5,4
1510061.1826451803,1.834740338754036e-7,0.0000242285770626512,350,2023_07_20_20_30_12_822049,29 31 26 17,6 3 8 5,2
1520485.8478359329,1.8985356028556283e-7,0.0000013865542178703802,351,2023_07_20_20_30_17_144150,16 6 17,7 7 10,0
1477819.5691389202,1.966506974492482e-7,0.00000831330697250415,352,2023_07_20_20_30_17_223180,1 30 13,5 5 6,8
1504101.2226179724,1.764948421927433e-7,0.000002168851904620539,353,2023_07_20_20_30_17_768582,23 21 19 30,5 6 6 5,2
1378430.6275595936,1.9345791459469393e-7,0.0000016821882467475207,354,2023_07_20_20_30_18_772653,17 6 16,9 7 7,1
1540845.8607451094,1.9677408312943566e-7,0.000001387305505511057,355,2023_07_20_20_30_18_939300,5 24 28,5 9 10,0
1305836.510867358,1.8213475123138654e-7,6.613418249407555e-7,356,2023_07_20_20_30_19_012240,28 2 23,11 7 6,0
1437976.3907550445,1.8605201089449436e-7,0.000005777586501966946,357,2023_07_20_20_30_19_255211,12 6 24,6 6 8,4
1481177.4731684052,2.19121862006919e-7,0.00011266115117914013,358,2023_07_20_20_30_19_284940,5 30 27 17 26,4 2 6 2 5,5
1448009.297784339,1.9357142211749186e-7,0.000052912426706230826,359,2023_07_20_20_30_19_359445,15 16 27 13,7 4 5 6,2
1518580.5534053762,1.7677293875321918e-7,8.756212521921866e-7,360,2023_07_20_20_30_19_388759,22 16 14,6 8 10,0
1195411.9458658148,1.6999656520231463e-7,0.00000234673226129958,361,2023_07_20_20_30_19_465378,22 11 24 7,6 6 5 6,1
1572519.0244050166,1.874216418553186e-7,0.0000013292257188521033,362,2023_07_20_20_30_20_120422,4 27 8,6 9 7,2
1556035.227603912,2.0864603251715375e-7,0.000004258896337013176,363,2023_07_20_20_30_20_654720,22 16 2,7 7 6,4
1409047.359859965,1.9085662933799487e-7,0.000007825029363891863,364,2023_07_20_20_30_20_946955,31 29 19 22,6 5 5 5,3
1341133.5857452273,1.7949573892811045e-7,9.602250228720978e-7,365,2023_07_20_20_30_21_710861,26 21 23,9 7 5,3
1423754.9605492414,1.8449286753587984e-7,0.0000032849850637766255,366,2023_07_20_20_30_21_757582,5 12 29 32,5 8 6 5,0
1513613.8581071796,1.8492524709227603e-7,0.000002428171032250113,367,2023_07_20_20_30_22_077486,29 6 0 3,5 9 5 5,0
1450421.9571782441,1.7347548707987974e-7,0.0000010616827892969522,368,2023_07_20_20_30_22_225916,18 2 13,10 5 6,3
1454489.1230147972,1.8628902063609906e-7,0.000001128003502818753,369,2023_07_20_20_30_22_549725,1 14 13,8 7 8,1
1552050.999529196,1.7763994060052613e-7,7.747263400192686e-7,370,2023_07_20_20_30_26_686395,22 24 6,8 9 7,0
1419266.0894736275,1.7041907173312478e-7,0.0000030137516595020093,371,2023_07_20_20_30_27_233551,18 20 21 14,6 6 6 5,1
1498771.8298684207,1.8067072007335438e-7,0.0000013449780900837275,372,2023_07_20_20_30_27_757407,29 11 19,6 11 7,0
1535930.8474669422,1.8435498546249924e-7,0.000001718379179260918,373,2023_07_20_20_30_29_663312,22 3 13,8 10 6,0
1432159.8387780287,1.9988825588872682e-7,6.64427108698043e-7,374,2023_07_20_20_30_30_151601,25 14 31,7 10 7,0
1444188.4836290423,2.127885777241851e-7,0.0000015692416841741654,375,2023_07_20_20_30_30_909965,10 27 26,7 5 6,6
1588414.613432174,2.2408146953791668e-7,0.00011013545541700229,376,2023_07_20_20_30_31_142679,2 28 27 29,4 5 5 5,5
1427540.1671069178,2.3599681704360075e-7,0.0003936666165516693,377,2023_07_20_20_30_31_685299,3 15 31 13 8,6 5 2 5 1,5
1444050.83176967,1.6973316403241123e-7,0.0000024552544859279208,378,2023_07_20_20_30_32_961918,26 20 22 11,6 5 5 7,1
1546096.337289287,1.9728041571329963e-7,7.842517051306097e-7,379,2023_07_20_20_30_33_259163,20 14 22,8 10 3,3
1453438.8432878684,1.5973890202148085e-7,0.0000013810665512982239,380,2023_07_20_20_30_34_031641,11 3 8 18,5 6 6 5,2
1444036.2201369267,1.6337231656516423e-7,9.86440013284519e-7,381,2023_07_20_20_30_34_740605,16 12 10 15,5 7 6 6,0
1523971.8432598838,1.8709541824501085e-7,0.0000031499682677011236,382,2023_07_20_20_30_37_045178,13 10 21 17,6 5 5 5,3
1489708.453889134,1.8051532072460608e-7,0.00000103518084135927,383,2023_07_20_20_30_37_747147,17 12 0,6 6 10,2
1427905.4082333255,1.7912622841188787e-7,0.0000011342991435873206,384,2023_07_20_20_30_37_788272,15 5 26,7 9 7,1
1511070.9260147854,1.9728788797722824e-7,0.000002246702647836731,385,2023_07_20_20_30_38_095734,10 23 3,9 5 7,3
1488070.7884108212,1.735030633142075e-7,0.0000017588289264754554,386,2023_07_20_20_30_38_773391,3 28 27,9 8 6,1
1484221.879724691,1.6555018220065432e-7,6.452507604242814e-7,387,2023_07_20_20_30_38_830595,14 16 6,8 7 9,0
1466144.0037916673,2.0881648911836333e-7,0.000001089948218927788,388,2023_07_20_20_30_39_019893,15 26 11,8 8 6,2
1566995.64790804,2.020518244758766e-7,0.00013671643054204518,389,2023_07_20_20_30_39_540429,21 10 29 17 23,5 5 4 4 5,1
1425289.6134596847,1.7209989292462544e-7,6.359969568342237e-7,390,2023_07_20_20_30_39_969244,6 7 12,6 10 8,0
1256160.2406243018,1.7098501754831005e-7,0.0000026933446511886435,391,2023_07_20_20_30_40_007478,0 14 12 21,6 5 7 5,1
1401084.1627733167,1.7569702938382796e-7,0.000005058007604338444,392,2023_07_20_20_30_41_256928,20 19 16 18,5 5 7 5,2
1524011.617001908,1.7613662748279074e-7,0.0000025640030600805385,393,2023_07_20_20_30_41_628483,20 6 8 10,6 5 6 6,1
1444671.9672153383,1.689133724501147e-7,0.0000031698699155342844,394,2023_07_20_20_30_41_713728,9 20 12 5,7 6 5 5,1
1530843.4568312694,1.7691687853822612e-7,8.303194277658307e-7,395,2023_07_20_20_30_41_767572,25 18 26,6 8 7,3
1311583.221745751,1.7140409446267366e-7,7.301362023122597e-7,396,2023_07_20_20_30_42_984425,4 21 25,8 7 9,0
1443920.8867331753,1.861029832222943e-7,0.000006873248609647642,397,2023_07_20_20_30_43_079091,30 19 22 1,5 5 5 5,4
1508154.2344482648,1.7236322517970793e-7,0.0000011107849047442825,398,2023_07_20_20_30_43_573700,20 0 29,9 6 7,2
1440226.7367676059,1.7120881276555223e-7,6.523095290066515e-7,399,2023_07_20_20_30_44_851540,24 8 9,7 8 9,0
1389828.0797552345,1.7973331009765395e-7,0.0000011913491181621283,400,2023_07_20_20_30_46_151368,0 25 5,11 7 5,1
1435272.1540260583,1.6815155742089993e-7,0.000001934633028857636,401,2023_07_20_20_30_48_115605,7 22 10,7 6 10,1
1345413.863785654,1.6565964734229266e-7,0.0000015269404085631896,402,2023_07_20_20_30_48_155233,27 32 22 24,5 7 7 5,0
1423021.7128619235,2.0175122312151016e-7,0.0000010454871651467465,403,2023_07_20_20_30_49_595425,17 20 30,5 12 5,2
1321259.4039230777,1.897292752946056e-7,0.0000012818414315801583,404,2023_07_20_20_30_50_840514,25 10 2,7 10 7,0
1410944.4533749118,1.7117799811898597e-7,0.0000011580818080945753,405,2023_07_20_20_30_50_895527,9 12 1,7 8 9,0
1503102.1871951886,1.8817247974770358e-7,0.0000036156169735660194,406,2023_07_20_20_30_51_415804,9 6 30 17,5 5 6 3,5
1459849.9154994744,1.7717692153510335e-7,8.978038050008224e-7,407,2023_07_20_20_30_51_659665,21 30 1,10 8 6,0
1539722.316450845,1.753290045331286e-7,0.0000015338776160920513,408,2023_07_20_20_30_56_155962,22 31 24 3,5 6 5 5,3
1430235.945156949,1.812241607988429e-7,0.0000020674268399140544,409,2023_07_20_20_30_57_858880,2 19 7 31,8 5 6 4,1
1484698.684956688,1.6930071985542617e-7,0.0000012454248883590819,410,2023_07_20_20_30_59_452049,5 27 11 31,5 7 7 5,0
1450001.1313602678,1.761700132773083e-7,0.00001269379807496037,411,2023_07_20_20_30_59_510731,6 2 14 31,6 9 5 3,1
1326149.3838149512,1.9894452331247112e-7,0.000001072519887131937,412,2023_07_20_20_31_00_094427,13 12 8,8 8 6,2
1215691.4903409227,2.4376248222356356e-7,0.0000021995435732913847,413,2023_07_20_20_31_00_196459,32 28,9 13,2
1521358.542899437,1.800242250097415e-7,0.0000018953357468617802,414,2023_07_20_20_31_00_275017,3 14 5,5 7 6,6
1447254.1618225726,1.9507010390232404e-7,0.0000012687740073564294,415,2023_07_20_20_31_00_613527,28 21 25,10 6 7,1
1380255.3886792928,1.714497924577767e-7,0.0000017817012575403757,416,2023_07_20_20_31_00_764028,10 5 31 19,6 7 6 5,0
1440194.1843152682,1.816142415982197e-7,5.972830536835058e-7,417,2023_07_20_20_31_02_623321,32 19 14,7 7 9,1
1322762.630570374,1.771181284924236e-7,7.984344998146075e-7,418,2023_07_20_20_31_03_650820,8 24 5,6 9 9,0
1492236.468130663,1.817749803182221e-7,0.000004893077232083324,419,2023_07_20_20_31_08_682746,5 0 25,8 10 5,1
1405806.0223561276,1.8510061220740786e-7,0.000002532928376546678,420,2023_07_20_20_31_09_263915,26 28 20 8,6 4 5 5,4
1495849.5644891905,1.7575406699215206e-7,0.000003081389891407079,421,2023_07_20_20_31_09_957811,16 7 29 0,7 5 5 6,1
1426954.8556636823,1.792675614430962e-7,8.899641216298393e-7,422,2023_07_20_20_31_11_351422,26 20 4,7 7 8,2
1325980.0683191658,1.814749030052414e-7,5.954871597343002e-7,423,2023_07_20_20_31_12_296659,7 2 11,8 9 7,0
1284631.365418225,1.728317851260629e-7,0.000002821063876229948,424,2023_07_20_20_31_12_446398,24 22 30 6,6 6 5 6,1
1473839.5325688145,1.852877420500453e-7,7.052918890000947e-7,425,2023_07_20_20_31_13_063526,0 12 19,11 5 8,0
1559594.8343564158,1.961867106130184e-7,0.000002504766678412611,426,2023_07_20_20_31_15_289999,25 22 27,5 7 12,0
1456231.859529199,1.8496202063520012e-7,8.511699892891643e-7,427,2023_07_20_20_31_18_181528,17 5 25,10 7 6,1
1485661.4896450697,2.1852738068056944e-7,0.00026882134097000113,428,2023_07_20_20_31_18_245906,28 18 14 24,6 4 7 4,3
1532587.8088141482,1.9909114956133943e-7,0.0000015712925433432506,429,2023_07_20_20_31_18_605473,27 25 3,8 7 8,1
1378744.6802793946,1.6803342358220993e-7,8.504971061632132e-7,430,2023_07_20_20_31_21_217674,27 21 8,9 8 7,0
1503744.9548205577,2.0739609397523687e-7,0.0000014258524357668188,431,2023_07_20_20_31_21_697384,26 22 30,7 9 7,1
1402777.7850791437,1.7839722813324917e-7,8.09582620931512e-7,432,2023_07_20_20_31_21_697875,7 26 13,8 6 8,2
1323081.9927831518,1.71553790471682e-7,0.0000016150964129597545,433,2023_07_20_20_31_23_338889,18 13 24 11,6 6 6 5,1
1374419.8842618815,1.7498707774060574e-7,0.0000010723098817272566,434,2023_07_20_20_31_23_975884,4 12 18,7 10 6,1
1377916.9816465795,1.7902571079383916e-7,9.459013940023344e-7,435,2023_07_20_20_31_24_498465,26 25 8,8 11 5,0
1467541.9784769707,1.8170954108629575e-7,9.990144169515175e-7,436,2023_07_20_20_31_25_034301,2 13 22,6 11 7,0
1176653.9563824697,1.717005890210924e-7,9.194723749505901e-7,437,2023_07_20_20_31_25_322363,8 18 24,8 10 5,1
1426448.5754347176,1.6876475338794294e-7,5.18418066211947e-7,438,2023_07_20_20_31_27_646474,12 8 6,9 7 8,0
1225873.6521154696,1.716399601486696e-7,7.7357808059789e-7,439,2023_07_20_20_31_28_175172,26 25 18,8 7 9,0
1611399.707058706,1.762663669211377e-7,7.755911796254479e-7,440,2023_07_20_20_31_29_162874,19 22 4,7 8 9,0
1318309.757840489,1.7555606802601055e-7,0.0000028600297320197376,441,2023_07_20_20_31_29_225465,21 31 16 22,7 5 7 5,0
1472292.5623818135,1.7243727611345114e-7,0.000003011562897693686,442,2023_07_20_20_31_33_776819,26 28 20 29,5 4 7 5,3
1570529.7847710643,2.1338802235216907e-7,0.000001736780294848279,443,2023_07_20_20_31_34_259575,15 10 21,10 5 7,2
1439088.0152898694,1.8314444481544022e-7,0.000006109723286242497,444,2023_07_20_20_31_34_812751,19 23 5,5 5 5,9
1471893.9675336266,1.8044343930795752e-7,8.486825783654613e-7,445,2023_07_20_20_31_35_546885,28 10 25,10 9 5,0
1509296.847882341,1.6782520497966564e-7,6.790675826623949e-7,446,2023_07_20_20_31_39_072435,21 23 5,8 9 7,0
1364026.5106550679,1.6866463757634008e-7,8.426702287639118e-7,447,2023_07_20_20_31_41_740034,17 8 13 23,6 3 6 6,3
1385323.1620541287,1.7339939375428326e-7,0.000003599744937047487,448,2023_07_20_20_31_45_106465,19 29 15 18,7 5 5 5,2
1439163.637061506,1.8316858447786856e-7,0.0000035198840989290627,449,2023_07_20_20_33_09_734989,17 20 24 7,6 5 6 6,1